Algorithm,Mean,Standard Deviation,p-value
csa,1.3044235654624705e-10,2.6671865780749256e-10,1.862645149230957e-09
ecsa,7.63573739613907e-26,3.2190435760196804e-25
