Algorithm,Mean,Standard Deviation,p-value
csa,0.0005231012085126838,0.0004206913300347393,0.027741437777876854
ecsa,0.00030616701862645263,0.00019626822077607788
