Algorithm,Mean,Standard Deviation,p-value
csa,8.542871628838795e-106,3.4567874758940248e-105,9.750430775526354e-73
ecsa,1.7489186628157543e-134,5.539578351159912e-134
