Algorithm,Mean,Standard Deviation,p-value
csa,1.8250752203526448,0.5552732750908838,0.07672121562063694
ecsa,1.5457222072718104,0.4703944321117335
