Algorithm,Mean,Standard Deviation
csa,13.492114663890858,0.6853738093313483
ecsa,13.387280287660944,0.7118912038291965
