Algorithm,Mean,Standard Deviation,p-value
csa,13.202948865201721,0.8282589305190197,8.643980110024306e-52
ecsa,13.391829954164608,0.7284864641636596
