Algorithm,Mean,Standard Deviation,p-value
csa,1.245917435944595e-86,6.404373703879028e-86,1.862645149230957e-09
ecsa,7.12736112740029e-112,3.838193494220745e-111
