Algorithm,Mean,Standard Deviation,p-value
dcsa,0.0010116446717581163,0.0008187679969444946,0.6263462882488966
decsa,0.0007910722582290012,0.0006015967685557349
