Algorithm,Mean,Standard Deviation,p-value
csa,13.552799818393556,0.5680449851044327,0.21293285302817822
ecsa,13.333362630118996,0.6610250308797259
