Algorithm,Mean,Standard Deviation
csa,13.479543288245596,0.5979223553534284
ecsa,13.076791595223511,0.8928337527992993
