Algorithm,Mean,Standard Deviation,p-value
csa,1.6519108387639334,0.4171934206346566,6.089568409838264e-68
ecsa,1.523371595412708,0.42810955550721547
