Algorithm,Mean,Standard Deviation
csa,1.4239351670317242e-58,3.8938206690070494e-58
ecsa,2.836882933473079e-69,1.224253305946423e-68
