Algorithm,Mean,Standard Deviation,p-value
csa,0.036305060765583735,0.19540733550311162,3.7904828786849976e-06
ecsa,7.272736269806993e-07,3.4666638023434494e-06
