Algorithm,Mean,Standard Deviation,p-value
dcsa,0.00021165150088024997,0.000173801941575892,0.12935307621955872
decsa,0.00014107910846435182,0.00016257177879077644
