Algorithm,Mean,Standard Deviation
csa,4.0609790648219236e-81,2.1865194775134283e-80
ecsa,1.4232492440844502e-111,5.3576985153899635e-111
