Algorithm,Mean,Standard Deviation,p-value
csa,0.00043430756235544914,0.0002398310273617257,4.966840508376847e-69
ecsa,0.00030507325036931957,0.00025683117769780006
