Algorithm,Mean,Standard Deviation,p-value
csa,1.3690708714856706e-09,5.0850144752165325e-09,1.30385160446167e-07
ecsa,7.576487585462625e-12,2.556663155678411e-11
