Algorithm,Mean,Standard Deviation,p-value
csa,4.178702461318873e-87,2.2500013225555194e-86,5.010489445102805e-75
ecsa,1.6975560121097933e-114,9.093826493230697e-114
