Algorithm,Mean,Standard Deviation,p-value
csa,4.632752649016168e-59,1.4514472173825276e-58,1.862645149230957e-09
ecsa,5.555435673539641e-71,1.9826759015555882e-70
