Algorithm,Mean,Standard Deviation,p-value
dcsa,0.00019461276192169011,0.00018324150166239034,1.0
decsa,0.00019578532849950185,0.0001736179701351441
