Algorithm,Mean,Standard Deviation,p-value
dcsa,0.00017258256286349175,0.00014271066364601696,0.5561132747679949
decsa,0.00016081711247734425,0.00012814394714002865
