Algorithm,Mean,Standard Deviation,p-value
dcsa,0.0011389221693546355,0.0011230738444487154,0.46454504504799843
decsa,0.0008990615725409712,0.0006699299126240523
