Algorithm,Mean,Standard Deviation
csa,2.704445989436254e-106,1.305554309937777e-105
ecs,6.601118304760013e-135,1.9126169709180958e-134
