Algorithm,Mean,Standard Deviation,p-value
csa,1.4324725997975444e-09,3.18276502944705e-09,1.862645149230957e-09
ecsa,4.440892098500626e-16,0.0
