Algorithm,Mean,Standard Deviation,p-value
dcsa,0.0014618572326078585,0.0010718639559726174,0.4771064817905426
decsa,0.0012381031396478874,0.0010973905523182798
