Algorithm,Mean,Standard Deviation
csa,1.6115022882577987,0.4767871706159677
ecsa,1.4561388551769023,0.4339013759738034
