Algorithm,Mean,Standard Deviation,p-value
dcsa,0.0009300189667074502,0.0007999104398406988,0.3598779272288084
decsa,0.001193044839122385,0.0010389388052241173
