Algorithm,Mean,Standard Deviation,p-value
csa,0.0031807586862411513,0.0029193320995802483,0.0007978975772857666
ecsa,0.0012543654414382413,0.0008592207492713658
