Algorithm,Mean,Standard Deviation,p-value
csa,3.33946902719643e-58,1.478103093876616e-57,1.2253897424677184e-46
ecsa,2.3142814086483596e-71,1.0320707367189934e-70
