Algorithm,Mean,Standard Deviation
csa,6.544567094199891e-52,1.8462624478791957e-51
ecsa,1.0001392531254103e-62,5.138065245981793e-62
