Algorithm,Mean,Standard Deviation,p-value
csa,-3293.3105864047843,499.35828620973695,0.0004183966666460037
ecsa,-3776.532665274644,422.2915914101701
