Algorithm,Mean,Standard Deviation,p-value
dcsa,0.00022627582699514444,0.0002473102118269031,0.28008678182959557
decsa,0.00014030670316949416,0.0001349950999147043
