Algorithm,Mean,Standard Deviation,p-value
csa,-3408.499850332938,444.16321270321316,0.338741784915328
ecsa,-3550.5576293344684,521.8226297729441
