Algorithm,Mean,Standard Deviation,p-value
csa,11.838248497711243,1.509052772542649,0.06666470877826214
ecsa,9.511323575327946,4.691397411068571
