Algorithm,Mean,Standard Deviation,p-value
csa,12.364474166304985,1.418755647761081,0.015460003167390823
ecsa,11.407482409158634,1.416843055013318
