Algorithm,Mean,Standard Deviation,p-value
csa,2.388120579867533,0.2881078776574182,1.862645149230957e-09
ecsa,0.02787641546368134,0.013489882312924544
