Algorithm,Mean,Standard Deviation
csa,1.696214679964782,0.5228146614818909
ecsa,1.4672627047887252,0.45902987130957645
