Algorithm,Mean,Standard Deviation,p-value
csa,2.5840705597086465e-53,1.0616372059383742e-52,8.369495213820641e-54
ecsa,5.627803793332601e-64,1.7027012179820958e-63
