Algorithm,Mean,Standard Deviation
csa,5.318107922977331e-106,2.8459235040236543e-105
ecsa,7.088095806144482e-132,3.6735934334606926e-131
