Algorithm,Mean,Standard Deviation,p-value
csa,2.6239198974511875,9.881560403015913,0.06788915486182899
ecsa,0.0,0.0
