Algorithm,Mean,Standard Deviation,p-value
csa,2.0381958854541946e-107,1.082682237767114e-106,1.862645149230957e-09
ecsa,1.2125251805513669e-132,6.295114820304352e-132
