Algorithm,Mean,Standard Deviation,p-value
csa,0.03906065414315921,0.09920856621963116,0.0006516660806139112
ecsa,0.0,0.0
