Algorithm,Mean,Standard Deviation
csa,1.106674944651429e-59,2.548011403123907e-59
ecsa,2.3154619227778724e-71,9.643836724261385e-71
