Algorithm,Mean,Standard Deviation,p-value
dcsa,0.0011935058504151442,0.0007949971456149074,0.07324407435953617
decsa,0.0008816089795871081,0.0007159681846212216
