Algorithm,Mean,Standard Deviation,p-value
csa,0.02179014536245732,0.08257481542836942,4.4075772166252136e-05
ecsa,0.0005710827649076119,0.0028924825041083575
