Algorithm,Mean,Standard Deviation,p-value
csa,1.4325690972012057e-08,4.2089623650523306e-08,1.862645149230957e-09
ecsa,2.21032422597768e-24,1.0030069806443376e-23
