Algorithm,Mean,Standard Deviation,p-value
dcsa,0.0008897985024630314,0.0008622354835760906,0.11907656863331795
decsa,0.0006003707130418978,0.0005715497763839154
