Algorithm,Mean,Standard Deviation
csa,4.145096483007818e-88,2.084172330246832e-87
ecsa,4.4224362259875417e-113,1.6358219167211265e-112
