Algorithm,Mean,Standard Deviation,p-value
csa,1.4683455647775482e-52,5.213170956057181e-52,1.862645149230957e-09
ecsa,8.604636442394467e-65,3.596558595134789e-64
