Algorithm,Mean,Standard Deviation,p-value
dcsa,0.00020645040121131849,0.0001774667714462233,0.28936620615422726
decsa,0.00024720881829838707,0.00017619928876834426
