Algorithm,Mean,Standard Deviation
csa,0.0003788658539591645,0.000316829193712453
ecsa,0.0003502800329231885,0.0002188666779368668
