Algorithm,Mean,Standard Deviation,p-value
csa,7.277768195422487e-11,3.7637151539395075e-10,1.862645149230957e-09
ecsa,1.2319948362770516e-42,3.651693964379057e-42
