Algorithm,Mean,Standard Deviation,p-value
csa,0.6485788850768742,0.3811494668530024,0.0032229889184236526
ecsa,0.4261258144995812,0.29152136683536073
