Algorithm,Mean,Standard Deviation
csa,4.5444612671248584e-51,2.288739872402867e-50
ecsa,5.015750471346111e-63,2.043535717344439e-62
