Algorithm,Mean,Standard Deviation,p-value
csa,13.743305081205687,0.25763019125869785,1.862645149230957e-09
ecsa,12.862563168552223,0.433182147618583
