Algorithm,Mean,Standard Deviation,p-value
csa,0.6397445375573267,0.4446672749486786,1.862645149230957e-09
ecsa,0.028256340748722745,0.01356108873231312
