Algorithm,Mean,Standard Deviation
csa,0.0003525736934010574,0.00023535222477516593
ecsa,0.0003248758986035709,0.00021006324082738828
