Algorithm,Mean,Standard Deviation,p-value
csa,3.8161386378990936e-16,1.4021442620452629e-15,1.862645149230957e-09
ecsa,5.79008172014383e-48,2.8706458556610517e-47
